<?xml version="1.0" encoding="UTF-8"?>
<!-- Generated by JClic - https://projectestac.github.io/jclic -->
<manifest identifier="JClic-5C4E06" version="1.0" xmlns="http://www.imsproject.org/xsd/imscp_rootv1p1p2" xmlns:adlcp="http://www.adlnet.org/xsd/adlcp_rootv1p2" xmlns:xsi="http://www.w3.org/2001/XMLSchema-instance" xsi:schemaLocation= "http://www.imsproject.org/xsd/imscp_rootv1p1p2 imscp_rootv1p1p2.xsd http://www.imsglobal.org/xsd/imsmd_rootv1p2p1 imsmd_rootv1p2p1.xsd http://www.adlnet.org/xsd/adlcp_rootv1p2 adlcp_rootv1p2.xsd">
 <metadata> 
  <schema>ADL SCORM</schema>
  <schemaversion>1.2</schemaversion>
 </metadata> 
 <organizations default="JClic">  
  <organization identifier="JClic">  
   <title>TIC</title>
   <item identifier="ITEM_JClic-5C4E06" identifierref="RES_JClic-5C4E06">
    <title>TIC</title>
   </item>
  </organization>
 </organizations>
 <resources>
  <resource identifier="RES_JClic-5C4E06" type="webcontent" href="/index.html" adlcp:scormtype="sco"> 
   <file href="export\tic/tic.jclic"/>
   <file href="export\tic/tic.jclic.js"/>
   <file href="export\tic/unnamed.png"/>
   <file href="favicon.ico"/>
   <file href="icon-192.png"/>
   <file href="icon-72.png"/>
   <file href="imsmanifest.xml"/>
   <file href="index.html"/>
   <file href="project-cover.jpg"/>
   <file href="project-thumb.jpg"/>
   <file href="project.json"/>
   <file href="projects\tic/tic.jclic"/>
   <file href="projects\tic/tic.jclic.js"/>
   <file href="projects\tic/unnamed.png"/>
   <file href="scorm/favicon.ico"/>
   <file href="scorm/icon-192.png"/>
   <file href="scorm/icon-72.png"/>
   <file href="scorm/project-cover.jpg"/>
   <file href="scorm/project-thumb.jpg"/>
   <file href="scorm/tic.jclic"/>
   <file href="scorm/tic.jclic.js"/>
   <file href="scorm/unnamed.png"/>
   <file href="tic.jclic"/>
   <file href="tic.jclic.js"/>
   <file href="unnamed.png"/>
  </resource>
 </resources>
</manifest>